{
  "primary":    "#cba6f7",
  "secondary":  "#89b4fa",

  "magenta":    "#cba6f7",
  "red":        "#f38ba8",
  "orange":     "#fab387",
  "yellow":     "#f9e2af",
  "green":      "#a6e3a1",
  "cyan":       "#89dceb",
  "blue":       "#89b4fa",

  "text":       "#cdd6f4",
  "subtext1":   "#bac2de",
  "subtext0":   "#a6adc8",
  "overlay2":   "#9399b2",
  "overlay1":   "#7f849c",
  "overlay0":   "#6c7086",
  "surface2":   "#585b70",
  "surface1":   "#45475a",
  "surface0":   "#313244",
  "base":       "#1e1e2e",
  "mantle":     "#181825",
  "crust":      "#11111b"
}
