{
  "primary":    "#ca9ee6",
  "secondary":  "#8caaee",

  "magenta":    "#ca9ee6",
  "red":        "#e78284",
  "orange":     "#ef9f76",
  "yellow":     "#e5c890",
  "green":      "#a6d189",
  "cyan":       "#99d1db",
  "blue":       "#8caaee",

  "text":       "#c6d0f5",
  "subtext1":   "#b5bfe2",
  "subtext0":   "#a5adce",
  "overlay2":   "#949cbb",
  "overlay1":   "#838ba7",
  "overlay0":   "#737994",
  "surface2":   "#626880",
  "surface1":   "#51576d",
  "surface0":   "#414559",
  "base":       "#303446",
  "mantle":     "#292c3c",
  "crust":      "#232634"
}
