{
  "primary":    "#c6a0f6",
  "secondary":  "#8aadf4",

  "magenta":    "#c6a0f6",
  "red":        "#ed8796",
  "orange":     "#f5a97f",
  "yellow":     "#eed49f",
  "green":      "#a6da95",
  "cyan":       "#91d7e3",
  "blue":       "#8aadf4",

  "text":       "#cad3f5",
  "subtext1":   "#b8c0e0",
  "subtext0":   "#a5adcb",
  "overlay2":   "#939ab7",
  "overlay1":   "#8087a2",
  "overlay0":   "#6e738d",
  "surface2":   "#5b6078",
  "surface1":   "#494d64",
  "surface0":   "#363a4f",
  "base":       "#24273a",
  "mantle":     "#1e2030",
  "crust":      "#181926"
}
